Title,Price,Rating,Colors,Size,Gender,Timestamp
T-shirt 2,1634400.0,3.9,3,M,Women,2026-05-17T15:57:21.929103
Hoodie 3,7950080.0,4.8,3,L,Unisex,2026-05-17T15:57:21.929229
Pants 4,7476960.0,3.3,3,XL,Men,2026-05-17T15:57:21.929425
Outerwear 5,5145440.0,3.5,3,XXL,Women,2026-05-17T15:57:21.929595
Jacket 6,2453920.0,3.3,3,S,Unisex,2026-05-17T15:57:21.929736
Crewneck 7,6892000.0,4.3,3,M,Men,2026-05-17T15:57:21.929855
T-shirt 8,7802560.0,3.1,3,L,Women,2026-05-17T15:57:21.929958
Hoodie 9,3972160.0,3.2,3,XL,Unisex,2026-05-17T15:57:21.930092
Pants 10,3100160.0,4.2,3,XXL,Men,2026-05-17T15:57:21.930207
Jacket 12,8527840.0,3.9,3,M,Unisex,2026-05-17T15:57:21.930463
Crewneck 13,5447200.0,3.2,3,L,Men,2026-05-17T15:57:21.930603
T-shirt 14,3248800.0,3.8,3,XL,Women,2026-05-17T15:57:21.930754
Hoodie 15,2184160.0,3.6,3,XXL,Unisex,2026-05-17T15:57:21.930862
Outerwear 17,841600.0,3.8,3,M,Women,2026-05-17T15:57:21.931069
Jacket 18,5500000.0,3.8,3,L,Unisex,2026-05-17T15:57:21.931176
Crewneck 19,1308960.0,3.6,3,XL,Men,2026-05-17T15:57:21.931292
T-shirt 20,1325600.0,3.4,3,XXL,Women,2026-05-17T15:57:21.931423
Pants 22,4319680.0,4.9,3,M,Men,2026-05-17T15:57:22.427927
Outerwear 23,4655840.0,3.7,3,L,Women,2026-05-17T15:57:22.428083
Jacket 24,8223520.0,3.9,3,XL,Unisex,2026-05-17T15:57:22.428183
Crewneck 25,8322560.0,3.3,3,XXL,Men,2026-05-17T15:57:22.428283
T-shirt 26,7292320.0,4.6,3,S,Women,2026-05-17T15:57:22.428382
Hoodie 27,3551840.0,4.8,3,M,Unisex,2026-05-17T15:57:22.428485
Pants 28,5216160.0,4.0,3,L,Men,2026-05-17T15:57:22.428617
Outerwear 29,861600.0,3.1,3,XL,Women,2026-05-17T15:57:22.428801
Jacket 30,8610240.0,3.7,3,XXL,Unisex,2026-05-17T15:57:22.428953
T-shirt 32,6657920.0,3.4,3,M,Women,2026-05-17T15:57:22.429159
Hoodie 33,7248160.0,3.5,3,L,Unisex,2026-05-17T15:57:22.429259
Pants 34,8362720.0,3.8,3,XL,Men,2026-05-17T15:57:22.429359
Outerwear 35,1356160.0,3.8,3,XXL,Women,2026-05-17T15:57:22.429456
Jacket 36,7249280.0,3.7,3,S,Unisex,2026-05-17T15:57:22.429552
Crewneck 37,6006080.0,4.0,3,M,Men,2026-05-17T15:57:22.429651
T-shirt 38,4866080.0,3.2,3,L,Women,2026-05-17T15:57:22.429752
Hoodie 39,6431200.0,4.6,3,XL,Unisex,2026-05-17T15:57:22.429848
Pants 40,5853600.0,3.1,3,XXL,Men,2026-05-17T15:57:22.429943
Jacket 42,6744160.0,3.7,3,M,Unisex,2026-05-17T15:57:22.834585
Crewneck 43,2909600.0,4.5,3,L,Men,2026-05-17T15:57:22.834851
T-shirt 44,3312320.0,3.0,3,XL,Women,2026-05-17T15:57:22.835019
Hoodie 45,8693120.0,4.5,3,XXL,Unisex,2026-05-17T15:57:22.835152
Outerwear 47,6364640.0,3.2,3,M,Women,2026-05-17T15:57:22.835372
Jacket 48,4994720.0,3.4,3,L,Unisex,2026-05-17T15:57:22.835491
Crewneck 49,1071200.0,4.0,3,XL,Men,2026-05-17T15:57:22.835592
T-shirt 50,5932960.0,3.1,3,XXL,Women,2026-05-17T15:57:22.835690
Pants 52,1596480.0,4.0,3,M,Men,2026-05-17T15:57:22.835890
Outerwear 53,4470880.0,4.3,3,L,Women,2026-05-17T15:57:22.835996
Jacket 54,854560.0,4.2,3,XL,Unisex,2026-05-17T15:57:22.836098
Crewneck 55,1793760.0,3.6,3,XXL,Men,2026-05-17T15:57:22.836198
T-shirt 56,4643040.0,3.8,3,S,Women,2026-05-17T15:57:22.836299
Hoodie 57,3155360.0,4.9,3,M,Unisex,2026-05-17T15:57:22.836401
Pants 58,1637760.0,4.4,3,L,Men,2026-05-17T15:57:22.836510
Outerwear 59,2254240.0,4.6,3,XL,Women,2026-05-17T15:57:22.836614
Jacket 60,3375520.0,4.2,3,XXL,Unisex,2026-05-17T15:57:22.836729
T-shirt 62,1376480.0,3.8,3,M,Women,2026-05-17T15:57:23.278025
Hoodie 63,6479200.0,3.6,3,L,Unisex,2026-05-17T15:57:23.278127
Pants 64,7728480.0,4.0,3,XL,Men,2026-05-17T15:57:23.278225
Outerwear 65,2385920.0,4.1,3,XXL,Women,2026-05-17T15:57:23.278321
Jacket 66,4353120.0,3.5,3,S,Unisex,2026-05-17T15:57:23.278420
Crewneck 67,8470720.0,3.5,3,M,Men,2026-05-17T15:57:23.278514
T-shirt 68,8025280.0,4.0,3,L,Women,2026-05-17T15:57:23.278609
Hoodie 69,1027840.0,3.6,3,XL,Unisex,2026-05-17T15:57:23.278703
Pants 70,1171360.0,4.4,3,XXL,Men,2026-05-17T15:57:23.278798
Jacket 72,3776000.0,4.4,3,M,Unisex,2026-05-17T15:57:23.279004
Crewneck 73,2460320.0,3.0,3,L,Men,2026-05-17T15:57:23.279106
T-shirt 74,7704800.0,3.8,3,XL,Women,2026-05-17T15:57:23.279200
Hoodie 75,2101760.0,4.3,3,XXL,Unisex,2026-05-17T15:57:23.279295
Outerwear 77,861760.0,3.7,3,M,Women,2026-05-17T15:57:23.279497
Jacket 78,2716480.0,4.3,3,L,Unisex,2026-05-17T15:57:23.279595
Crewneck 79,3309600.0,4.6,3,XL,Men,2026-05-17T15:57:23.279696
T-shirt 80,4178400.0,4.5,3,XXL,Women,2026-05-17T15:57:23.279791
Pants 82,8315520.0,4.8,3,M,Men,2026-05-17T15:57:23.813325
Outerwear 83,3947840.0,3.7,3,L,Women,2026-05-17T15:57:23.813434
Jacket 84,2826080.0,4.8,3,XL,Unisex,2026-05-17T15:57:23.813547
Crewneck 85,4564160.0,3.5,3,XXL,Men,2026-05-17T15:57:23.813644
T-shirt 86,1670880.0,3.9,3,S,Women,2026-05-17T15:57:23.813741
Hoodie 87,7870240.0,4.3,3,M,Unisex,2026-05-17T15:57:23.813840
Pants 88,7590400.0,3.1,3,L,Men,2026-05-17T15:57:23.813939
Outerwear 89,4856320.0,3.0,3,XL,Women,2026-05-17T15:57:23.814036
Jacket 90,7160000.0,4.0,3,XXL,Unisex,2026-05-17T15:57:23.814145
T-shirt 92,5012320.0,3.5,3,M,Women,2026-05-17T15:57:23.814351
Hoodie 93,1365280.0,3.6,3,L,Unisex,2026-05-17T15:57:23.814454
Pants 94,1074880.0,4.3,3,XL,Men,2026-05-17T15:57:23.814556
Outerwear 95,6062240.0,3.5,3,XXL,Women,2026-05-17T15:57:23.814654
Jacket 96,4598240.0,4.9,3,S,Unisex,2026-05-17T15:57:23.814753
Crewneck 97,6113120.0,3.9,3,M,Men,2026-05-17T15:57:23.814860
T-shirt 98,8596960.0,3.1,3,L,Women,2026-05-17T15:57:23.814960
Hoodie 99,5028000.0,3.6,3,XL,Unisex,2026-05-17T15:57:23.815058
Pants 100,2217280.0,4.6,3,XXL,Men,2026-05-17T15:57:23.815156
Jacket 102,3840640.0,3.3,3,M,Unisex,2026-05-17T15:57:24.304795
Crewneck 103,2331680.0,3.5,3,L,Men,2026-05-17T15:57:24.304941
T-shirt 104,2374400.0,3.8,3,XL,Women,2026-05-17T15:57:24.305086
Hoodie 105,5019840.0,4.2,3,XXL,Unisex,2026-05-17T15:57:24.305234
Outerwear 107,6625120.0,4.0,3,M,Women,2026-05-17T15:57:24.305458
Jacket 108,5551680.0,4.8,3,L,Unisex,2026-05-17T15:57:24.305556
Crewneck 109,5886880.0,3.3,3,XL,Men,2026-05-17T15:57:24.305670
T-shirt 110,7197120.0,4.6,3,XXL,Women,2026-05-17T15:57:24.305856
Pants 112,4261920.0,3.3,3,M,Men,2026-05-17T15:57:24.306154
Outerwear 113,4472000.0,3.7,3,L,Women,2026-05-17T15:57:24.306286
Jacket 114,5386560.0,4.9,3,XL,Unisex,2026-05-17T15:57:24.306439
Crewneck 115,1933280.0,4.5,3,XXL,Men,2026-05-17T15:57:24.306580
T-shirt 116,3474560.0,3.0,3,S,Women,2026-05-17T15:57:24.306727
Hoodie 117,3376320.0,5.0,3,M,Unisex,2026-05-17T15:57:24.306835
Pants 118,5585440.0,3.2,3,L,Men,2026-05-17T15:57:24.306950
Outerwear 119,3561760.0,3.4,3,XL,Women,2026-05-17T15:57:24.307120
Jacket 120,7480320.0,4.0,3,XXL,Unisex,2026-05-17T15:57:24.307256
T-shirt 122,1961920.0,3.6,3,M,Women,2026-05-17T15:57:24.792766
Hoodie 123,4498080.0,3.8,3,L,Unisex,2026-05-17T15:57:24.792864
Pants 124,7023520.0,3.2,3,XL,Men,2026-05-17T15:57:24.793003
Outerwear 125,6998240.0,4.2,3,XXL,Women,2026-05-17T15:57:24.793103
Jacket 126,4426080.0,3.9,3,S,Unisex,2026-05-17T15:57:24.793199
Crewneck 127,8311680.0,4.0,3,M,Men,2026-05-17T15:57:24.793296
T-shirt 128,4466720.0,3.8,3,L,Women,2026-05-17T15:57:24.793392
Hoodie 129,2532480.0,4.5,3,XL,Unisex,2026-05-17T15:57:24.793486
Pants 130,6603520.0,4.8,3,XXL,Men,2026-05-17T15:57:24.793584
Jacket 132,6474880.0,4.2,3,M,Unisex,2026-05-17T15:57:24.793823
Crewneck 133,2016320.0,4.7,3,L,Men,2026-05-17T15:57:24.793939
T-shirt 134,5937440.0,3.2,3,XL,Women,2026-05-17T15:57:24.794042
Hoodie 135,5141440.0,4.7,3,XXL,Unisex,2026-05-17T15:57:24.794138
Outerwear 137,6988320.0,4.5,3,M,Women,2026-05-17T15:57:24.794344
Jacket 138,4635520.0,3.4,3,L,Unisex,2026-05-17T15:57:24.794450
Crewneck 139,8053120.0,4.5,3,XL,Men,2026-05-17T15:57:24.794551
T-shirt 140,6811040.0,3.5,3,XXL,Women,2026-05-17T15:57:24.794651
Pants 142,2325280.0,4.9,3,M,Men,2026-05-17T15:57:25.246717
Outerwear 143,3346560.0,4.9,3,L,Women,2026-05-17T15:57:25.246816
Jacket 144,5758240.0,4.3,3,XL,Unisex,2026-05-17T15:57:25.246914
Crewneck 145,3472800.0,4.8,3,XXL,Men,2026-05-17T15:57:25.247011
T-shirt 146,7688640.0,4.3,3,S,Women,2026-05-17T15:57:25.247122
Hoodie 147,3052800.0,5.0,3,M,Unisex,2026-05-17T15:57:25.247242
Pants 148,6033440.0,4.7,3,L,Men,2026-05-17T15:57:25.247342
Outerwear 149,3105920.0,3.2,3,XL,Women,2026-05-17T15:57:25.247442
Jacket 150,1500640.0,3.6,3,XXL,Unisex,2026-05-17T15:57:25.247544
T-shirt 152,6288640.0,4.2,3,M,Women,2026-05-17T15:57:25.247756
Hoodie 153,2660640.0,4.3,3,L,Unisex,2026-05-17T15:57:25.247861
Pants 154,2337440.0,3.0,3,XL,Men,2026-05-17T15:57:25.247962
Outerwear 155,3783200.0,4.1,3,XXL,Women,2026-05-17T15:57:25.248062
Jacket 156,6645120.0,3.6,3,S,Unisex,2026-05-17T15:57:25.248179
Crewneck 157,1105760.0,4.0,3,M,Men,2026-05-17T15:57:25.248285
T-shirt 158,7321120.0,4.0,3,L,Women,2026-05-17T15:57:25.248386
Hoodie 159,2371680.0,4.9,3,XL,Unisex,2026-05-17T15:57:25.248486
Pants 160,2802880.0,3.4,3,XXL,Men,2026-05-17T15:57:25.248586
Jacket 162,1543840.0,4.5,3,M,Unisex,2026-05-17T15:57:25.709069
Crewneck 163,7861920.0,4.4,3,L,Men,2026-05-17T15:57:25.709160
T-shirt 164,3512000.0,3.9,3,XL,Women,2026-05-17T15:57:25.709251
Hoodie 165,6921280.0,4.9,3,XXL,Unisex,2026-05-17T15:57:25.709342
Outerwear 167,3273760.0,3.1,3,M,Women,2026-05-17T15:57:25.709538
Jacket 168,870400.0,4.4,3,L,Unisex,2026-05-17T15:57:25.709631
Crewneck 169,8032800.0,4.7,3,XL,Men,2026-05-17T15:57:25.709731
T-shirt 170,6677920.0,4.5,3,XXL,Women,2026-05-17T15:57:25.709827
Pants 172,1566080.0,4.9,3,M,Men,2026-05-17T15:57:25.710009
Outerwear 173,7034560.0,4.6,3,L,Women,2026-05-17T15:57:25.710106
Jacket 174,6282240.0,3.3,3,XL,Unisex,2026-05-17T15:57:25.710203
Crewneck 175,8125120.0,4.5,3,XXL,Men,2026-05-17T15:57:25.710307
T-shirt 176,6104320.0,3.6,3,S,Women,2026-05-17T15:57:25.710401
Hoodie 177,1890400.0,4.6,3,M,Unisex,2026-05-17T15:57:25.710494
Pants 178,6184160.0,3.0,3,L,Men,2026-05-17T15:57:25.710586
Outerwear 179,5816640.0,3.5,3,XL,Women,2026-05-17T15:57:25.710678
Jacket 180,5552640.0,3.9,3,XXL,Unisex,2026-05-17T15:57:25.710782
T-shirt 182,2334880.0,3.8,3,M,Women,2026-05-17T15:57:26.176164
Hoodie 183,3904640.0,3.6,3,L,Unisex,2026-05-17T15:57:26.176300
Pants 184,7759520.0,4.5,3,XL,Men,2026-05-17T15:57:26.176449
Outerwear 185,7822880.0,3.2,3,XXL,Women,2026-05-17T15:57:26.176559
Jacket 186,6940480.0,4.2,3,S,Unisex,2026-05-17T15:57:26.176665
Crewneck 187,6663520.0,3.8,3,M,Men,2026-05-17T15:57:26.176822
T-shirt 188,3927840.0,4.4,3,L,Women,2026-05-17T15:57:26.176998
Hoodie 189,1946720.0,4.0,3,XL,Unisex,2026-05-17T15:57:26.177143
Pants 190,2220960.0,4.5,3,XXL,Men,2026-05-17T15:57:26.177267
Jacket 192,5066240.0,3.8,3,M,Unisex,2026-05-17T15:57:26.177517
Crewneck 193,7355680.0,4.1,3,L,Men,2026-05-17T15:57:26.177678
T-shirt 194,2818720.0,4.9,3,XL,Women,2026-05-17T15:57:26.177839
Hoodie 195,7208960.0,4.9,3,XXL,Unisex,2026-05-17T15:57:26.178159
Outerwear 197,5681600.0,4.9,3,M,Women,2026-05-17T15:57:26.178480
Jacket 198,5435040.0,4.5,3,L,Unisex,2026-05-17T15:57:26.178611
Crewneck 199,6744320.0,3.1,3,XL,Men,2026-05-17T15:57:26.178748
T-shirt 200,6289920.0,3.5,3,XXL,Women,2026-05-17T15:57:26.178919
Pants 202,5592480.0,3.3,3,M,Men,2026-05-17T15:57:26.665809
Outerwear 203,2144000.0,3.4,3,L,Women,2026-05-17T15:57:26.665950
Jacket 204,6031040.0,3.9,3,XL,Unisex,2026-05-17T15:57:26.666088
Crewneck 205,6434880.0,3.2,3,XXL,Men,2026-05-17T15:57:26.666232
T-shirt 206,4674720.0,4.5,3,S,Women,2026-05-17T15:57:26.666352
Hoodie 207,6101440.0,3.5,3,M,Unisex,2026-05-17T15:57:26.666475
Pants 208,4637600.0,3.1,3,L,Men,2026-05-17T15:57:26.666684
Outerwear 209,7980640.0,4.3,3,XL,Women,2026-05-17T15:57:26.666852
Jacket 210,7827360.0,4.7,3,XXL,Unisex,2026-05-17T15:57:26.667011
T-shirt 212,8794880.0,4.7,3,M,Women,2026-05-17T15:57:26.667246
Hoodie 213,5748000.0,3.6,3,L,Unisex,2026-05-17T15:57:26.667387
Pants 214,4315680.0,4.9,3,XL,Men,2026-05-17T15:57:26.667517
Outerwear 215,1449600.0,3.8,3,XXL,Women,2026-05-17T15:57:26.667685
Jacket 216,4576480.0,4.6,3,S,Unisex,2026-05-17T15:57:26.667805
Crewneck 217,5772960.0,4.8,3,M,Men,2026-05-17T15:57:26.667959
T-shirt 218,5600320.0,3.1,3,L,Women,2026-05-17T15:57:26.668105
Hoodie 219,5671040.0,4.6,3,XL,Unisex,2026-05-17T15:57:26.668335
Pants 220,3357600.0,3.2,3,XXL,Men,2026-05-17T15:57:26.668455
Jacket 222,7438080.0,3.4,3,M,Unisex,2026-05-17T15:57:27.155731
Crewneck 223,952960.0,4.8,3,L,Men,2026-05-17T15:57:27.155834
T-shirt 224,3534560.0,4.5,3,XL,Women,2026-05-17T15:57:27.156050
Hoodie 225,5232800.0,3.5,3,XXL,Unisex,2026-05-17T15:57:27.156208
Outerwear 227,6742560.0,4.8,3,M,Women,2026-05-17T15:57:27.156474
Jacket 228,8076800.0,4.5,3,L,Unisex,2026-05-17T15:57:27.156618
Crewneck 229,3101920.0,4.9,3,XL,Men,2026-05-17T15:57:27.156777
T-shirt 230,7133280.0,4.5,3,XXL,Women,2026-05-17T15:57:27.156943
Pants 232,8327360.0,4.0,3,M,Men,2026-05-17T15:57:27.157208
Outerwear 233,847360.0,4.8,3,L,Women,2026-05-17T15:57:27.157347
Jacket 234,1159200.0,4.5,3,XL,Unisex,2026-05-17T15:57:27.157488
Crewneck 235,6560320.0,3.4,3,XXL,Men,2026-05-17T15:57:27.157641
T-shirt 236,5492320.0,3.9,3,S,Women,2026-05-17T15:57:27.157789
Hoodie 237,4743520.0,3.1,3,M,Unisex,2026-05-17T15:57:27.157904
Pants 238,8301920.0,3.8,3,L,Men,2026-05-17T15:57:27.158004
Outerwear 239,7934080.0,3.1,3,XL,Women,2026-05-17T15:57:27.158163
Jacket 240,7600000.0,3.8,3,XXL,Unisex,2026-05-17T15:57:27.158295
T-shirt 242,4833600.0,3.4,3,M,Women,2026-05-17T15:57:27.657553
Hoodie 243,3371680.0,3.1,3,L,Unisex,2026-05-17T15:57:27.657713
Pants 244,8116160.0,3.1,3,XL,Men,2026-05-17T15:57:27.657881
Outerwear 245,1451680.0,4.0,3,XXL,Women,2026-05-17T15:57:27.658050
Jacket 246,8735040.0,3.1,3,S,Unisex,2026-05-17T15:57:27.658198
Crewneck 247,8769120.0,3.0,3,M,Men,2026-05-17T15:57:27.658349
T-shirt 248,2280000.0,4.5,3,L,Women,2026-05-17T15:57:27.658495
Hoodie 249,2149440.0,4.2,3,XL,Unisex,2026-05-17T15:57:27.658637
Pants 250,4314240.0,3.1,3,XXL,Men,2026-05-17T15:57:27.658765
Jacket 252,8408480.0,3.2,3,M,Unisex,2026-05-17T15:57:27.659014
Crewneck 253,1854720.0,3.9,3,L,Men,2026-05-17T15:57:27.659120
T-shirt 254,5984160.0,3.9,3,XL,Women,2026-05-17T15:57:27.659256
Hoodie 255,3668000.0,4.1,3,XXL,Unisex,2026-05-17T15:57:27.659397
Outerwear 257,7073120.0,5.0,3,M,Women,2026-05-17T15:57:27.659661
Jacket 258,2080640.0,4.7,3,L,Unisex,2026-05-17T15:57:27.659777
Crewneck 259,2275520.0,3.3,3,XL,Men,2026-05-17T15:57:27.659906
T-shirt 260,6271520.0,3.5,3,XXL,Women,2026-05-17T15:57:27.660066
Pants 262,1097760.0,3.4,3,M,Men,2026-05-17T15:57:28.155156
Outerwear 263,1878400.0,4.2,3,L,Women,2026-05-17T15:57:28.155295
Jacket 264,2063040.0,4.8,3,XL,Unisex,2026-05-17T15:57:28.155428
Crewneck 265,2483040.0,3.5,3,XXL,Men,2026-05-17T15:57:28.155580
T-shirt 266,4842080.0,4.6,3,S,Women,2026-05-17T15:57:28.155711
Hoodie 267,4086240.0,4.3,3,M,Unisex,2026-05-17T15:57:28.155869
Pants 268,5005120.0,3.6,3,L,Men,2026-05-17T15:57:28.155980
Outerwear 269,8073920.0,3.1,3,XL,Women,2026-05-17T15:57:28.156132
Jacket 270,2569120.0,4.2,3,XXL,Unisex,2026-05-17T15:57:28.156245
T-shirt 272,5811840.0,3.3,3,M,Women,2026-05-17T15:57:28.156512
Hoodie 273,5291360.0,4.9,3,L,Unisex,2026-05-17T15:57:28.156666
Pants 274,3669280.0,4.2,3,XL,Men,2026-05-17T15:57:28.156778
Outerwear 275,5575360.0,4.8,3,XXL,Women,2026-05-17T15:57:28.156923
Jacket 276,1013600.0,4.3,3,S,Unisex,2026-05-17T15:57:28.157030
Crewneck 277,2383680.0,4.7,3,M,Men,2026-05-17T15:57:28.157134
T-shirt 278,2087360.0,3.8,3,L,Women,2026-05-17T15:57:28.157285
Hoodie 279,5592320.0,4.7,3,XL,Unisex,2026-05-17T15:57:28.157400
Pants 280,7501440.0,3.9,3,XXL,Men,2026-05-17T15:57:28.157549
Jacket 282,2227040.0,3.0,3,M,Unisex,2026-05-17T15:57:28.704799
Crewneck 283,6633120.0,3.2,3,L,Men,2026-05-17T15:57:28.704903
T-shirt 284,6568000.0,3.6,3,XL,Women,2026-05-17T15:57:28.705005
Hoodie 285,3009120.0,3.2,3,XXL,Unisex,2026-05-17T15:57:28.705114
Outerwear 287,5273600.0,3.7,3,M,Women,2026-05-17T15:57:28.705363
Jacket 288,3123040.0,4.1,3,L,Unisex,2026-05-17T15:57:28.705502
Crewneck 289,888000.0,4.0,3,XL,Men,2026-05-17T15:57:28.705657
T-shirt 290,6425120.0,4.2,3,XXL,Women,2026-05-17T15:57:28.705785
Pants 292,2384480.0,3.9,3,M,Men,2026-05-17T15:57:28.706119
Outerwear 293,1176160.0,4.5,3,L,Women,2026-05-17T15:57:28.706271
Jacket 294,5947200.0,3.8,3,XL,Unisex,2026-05-17T15:57:28.706414
Crewneck 295,7266720.0,4.9,3,XXL,Men,2026-05-17T15:57:28.706568
T-shirt 296,1172160.0,3.1,3,S,Women,2026-05-17T15:57:28.706685
Hoodie 297,7801120.0,3.6,3,M,Unisex,2026-05-17T15:57:28.706846
Pants 298,2426080.0,4.8,3,L,Men,2026-05-17T15:57:28.706994
Outerwear 299,1947840.0,4.3,3,XL,Women,2026-05-17T15:57:28.707156
Jacket 300,6408480.0,4.0,3,XXL,Unisex,2026-05-17T15:57:28.707298
T-shirt 302,5711200.0,3.2,3,M,Women,2026-05-17T15:57:29.219796
Hoodie 303,7974560.0,4.1,3,L,Unisex,2026-05-17T15:57:29.219902
Pants 304,7129760.0,3.4,3,XL,Men,2026-05-17T15:57:29.220003
Outerwear 305,6325440.0,4.5,3,XXL,Women,2026-05-17T15:57:29.220102
Jacket 306,7575040.0,4.2,3,S,Unisex,2026-05-17T15:57:29.220326
Crewneck 307,7735200.0,3.7,3,M,Men,2026-05-17T15:57:29.220474
T-shirt 308,4086080.0,4.1,3,L,Women,2026-05-17T15:57:29.220617
Hoodie 309,3953120.0,4.8,3,XL,Unisex,2026-05-17T15:57:29.220765
Pants 310,6329280.0,4.7,3,XXL,Men,2026-05-17T15:57:29.220923
Jacket 312,7267040.0,3.8,3,M,Unisex,2026-05-17T15:57:29.221189
Crewneck 313,1948320.0,3.1,3,L,Men,2026-05-17T15:57:29.221303
T-shirt 314,6017120.0,3.2,3,XL,Women,2026-05-17T15:57:29.221436
Hoodie 315,7022880.0,3.1,3,XXL,Unisex,2026-05-17T15:57:29.221582
Outerwear 317,5259040.0,3.3,3,M,Women,2026-05-17T15:57:29.221866
Jacket 318,5667200.0,3.7,3,L,Unisex,2026-05-17T15:57:29.222039
Crewneck 319,3085920.0,3.3,3,XL,Men,2026-05-17T15:57:29.222182
T-shirt 320,829440.0,3.3,3,XXL,Women,2026-05-17T15:57:29.222322
Pants 322,7810400.0,3.2,3,M,Men,2026-05-17T15:57:29.760119
Outerwear 323,8468000.0,3.1,3,L,Women,2026-05-17T15:57:29.760270
Jacket 324,6082720.0,3.3,3,XL,Unisex,2026-05-17T15:57:29.760432
Crewneck 325,3001760.0,3.4,3,XXL,Men,2026-05-17T15:57:29.760581
T-shirt 326,4519360.0,4.9,3,S,Women,2026-05-17T15:57:29.760741
Hoodie 327,6641440.0,4.4,3,M,Unisex,2026-05-17T15:57:29.760894
Pants 328,5732960.0,4.5,3,L,Men,2026-05-17T15:57:29.761050
Outerwear 329,6724160.0,4.7,3,XL,Women,2026-05-17T15:57:29.761236
Jacket 330,1591200.0,4.3,3,XXL,Unisex,2026-05-17T15:57:29.761392
T-shirt 332,2335680.0,3.4,3,M,Women,2026-05-17T15:57:29.761716
Hoodie 333,1746080.0,4.8,3,L,Unisex,2026-05-17T15:57:29.761864
Pants 334,2409440.0,3.8,3,XL,Men,2026-05-17T15:57:29.762032
Outerwear 335,2826720.0,3.0,3,XXL,Women,2026-05-17T15:57:29.762187
Jacket 336,6237760.0,5.0,3,S,Unisex,2026-05-17T15:57:29.762343
Crewneck 337,8608800.0,4.3,3,M,Men,2026-05-17T15:57:29.762495
T-shirt 338,2883360.0,3.9,3,L,Women,2026-05-17T15:57:29.762646
Hoodie 339,4424800.0,4.9,3,XL,Unisex,2026-05-17T15:57:29.762802
Pants 340,5975200.0,4.3,3,XXL,Men,2026-05-17T15:57:29.762962
Jacket 342,1827680.0,4.8,3,M,Unisex,2026-05-17T15:57:30.326533
Crewneck 343,2279040.0,4.1,3,L,Men,2026-05-17T15:57:30.326683
T-shirt 344,3415680.0,4.5,3,XL,Women,2026-05-17T15:57:30.326833
Hoodie 345,7577440.0,3.3,3,XXL,Unisex,2026-05-17T15:57:30.326971
Outerwear 347,6986080.0,4.7,3,M,Women,2026-05-17T15:57:30.327274
Jacket 348,3195040.0,4.6,3,L,Unisex,2026-05-17T15:57:30.327435
Crewneck 349,6085600.0,3.5,3,XL,Men,2026-05-17T15:57:30.327594
T-shirt 350,8047680.0,5.0,3,XXL,Women,2026-05-17T15:57:30.327740
Pants 352,2838880.0,4.0,3,M,Men,2026-05-17T15:57:30.328050
Outerwear 353,961600.0,3.6,3,L,Women,2026-05-17T15:57:30.328205
Jacket 354,2294720.0,3.8,3,XL,Unisex,2026-05-17T15:57:30.328334
Crewneck 355,4246560.0,3.2,3,XXL,Men,2026-05-17T15:57:30.328460
T-shirt 356,7150080.0,4.3,3,S,Women,2026-05-17T15:57:30.328594
Hoodie 357,3739360.0,3.6,3,M,Unisex,2026-05-17T15:57:30.328747
Pants 358,8479520.0,3.9,3,L,Men,2026-05-17T15:57:30.328891
Outerwear 359,1696480.0,4.3,3,XL,Women,2026-05-17T15:57:30.329056
Jacket 360,8788320.0,4.8,3,XXL,Unisex,2026-05-17T15:57:30.329203
T-shirt 362,4776800.0,5.0,3,M,Women,2026-05-17T15:57:30.835345
Hoodie 363,1171360.0,3.2,3,L,Unisex,2026-05-17T15:57:30.835490
Pants 364,4972800.0,4.8,3,XL,Men,2026-05-17T15:57:30.835625
Outerwear 365,6956480.0,4.5,3,XXL,Women,2026-05-17T15:57:30.835764
Jacket 366,5854880.0,4.9,3,S,Unisex,2026-05-17T15:57:30.835926
Crewneck 367,8359360.0,4.9,3,M,Men,2026-05-17T15:57:30.836060
T-shirt 368,965120.0,3.2,3,L,Women,2026-05-17T15:57:30.836207
Hoodie 369,7204960.0,4.7,3,XL,Unisex,2026-05-17T15:57:30.836349
Pants 370,4559680.0,3.6,3,XXL,Men,2026-05-17T15:57:30.836512
Jacket 372,5052960.0,3.6,3,M,Unisex,2026-05-17T15:57:30.836832
Crewneck 373,2231040.0,3.6,3,L,Men,2026-05-17T15:57:30.836988
T-shirt 374,7697120.0,3.9,3,XL,Women,2026-05-17T15:57:30.837170
Hoodie 375,7027520.0,3.9,3,XXL,Unisex,2026-05-17T15:57:30.837339
Outerwear 377,6802080.0,4.8,3,M,Women,2026-05-17T15:57:30.837661
Jacket 378,3402400.0,3.6,3,L,Unisex,2026-05-17T15:57:30.837817
Crewneck 379,3963200.0,4.4,3,XL,Men,2026-05-17T15:57:30.837995
T-shirt 380,2547040.0,3.8,3,XXL,Women,2026-05-17T15:57:30.838151
Pants 382,1356160.0,4.4,3,M,Men,2026-05-17T15:57:31.385386
Outerwear 383,3431040.0,3.4,3,L,Women,2026-05-17T15:57:31.385527
Jacket 384,1452960.0,3.3,3,XL,Unisex,2026-05-17T15:57:31.385662
Crewneck 385,7950720.0,4.9,3,XXL,Men,2026-05-17T15:57:31.385834
T-shirt 386,4793600.0,4.6,3,S,Women,2026-05-17T15:57:31.386003
Hoodie 387,8418080.0,4.2,3,M,Unisex,2026-05-17T15:57:31.386145
Pants 388,931200.0,3.1,3,L,Men,2026-05-17T15:57:31.386280
Outerwear 389,2883200.0,5.0,3,XL,Women,2026-05-17T15:57:31.386411
Jacket 390,5432960.0,3.3,3,XXL,Unisex,2026-05-17T15:57:31.386548
T-shirt 392,1226080.0,4.4,3,M,Women,2026-05-17T15:57:31.386809
Hoodie 393,4068480.0,3.2,3,L,Unisex,2026-05-17T15:57:31.386942
Pants 394,3540000.0,3.3,3,XL,Men,2026-05-17T15:57:31.387087
Outerwear 395,3098720.0,4.0,3,XXL,Women,2026-05-17T15:57:31.387241
Jacket 396,2505280.0,3.9,3,S,Unisex,2026-05-17T15:57:31.387387
Crewneck 397,855360.0,3.6,3,M,Men,2026-05-17T15:57:31.387524
T-shirt 398,4592800.0,4.7,3,L,Women,2026-05-17T15:57:31.387674
Hoodie 399,2523520.0,3.6,3,XL,Unisex,2026-05-17T15:57:31.387826
Pants 400,6020640.0,4.7,3,XXL,Men,2026-05-17T15:57:31.387959
Jacket 402,2029120.0,4.6,3,M,Unisex,2026-05-17T15:57:31.931959
Crewneck 403,1580320.0,4.1,3,L,Men,2026-05-17T15:57:31.932171
T-shirt 404,3501120.0,4.9,3,XL,Women,2026-05-17T15:57:31.932344
Hoodie 405,5080160.0,3.8,3,XXL,Unisex,2026-05-17T15:57:31.932550
Outerwear 407,2761280.0,3.7,3,M,Women,2026-05-17T15:57:31.932810
Jacket 408,4176000.0,4.9,3,L,Unisex,2026-05-17T15:57:31.932960
Crewneck 409,3221760.0,3.5,3,XL,Men,2026-05-17T15:57:31.933103
T-shirt 410,1586720.0,3.1,3,XXL,Women,2026-05-17T15:57:31.933278
Pants 412,5438240.0,4.4,3,M,Men,2026-05-17T15:57:31.933584
Outerwear 413,1306400.0,3.4,3,L,Women,2026-05-17T15:57:31.933747
Jacket 414,2234720.0,3.7,3,XL,Unisex,2026-05-17T15:57:31.933910
Crewneck 415,3617440.0,3.1,3,XXL,Men,2026-05-17T15:57:31.934050
T-shirt 416,4454080.0,3.1,3,S,Women,2026-05-17T15:57:31.934333
Hoodie 417,2769440.0,4.6,3,M,Unisex,2026-05-17T15:57:31.934480
Pants 418,6307840.0,5.0,3,L,Men,2026-05-17T15:57:31.934645
Outerwear 419,7004000.0,5.0,3,XL,Women,2026-05-17T15:57:31.934752
Jacket 420,2472640.0,3.1,3,XXL,Unisex,2026-05-17T15:57:31.934898
T-shirt 422,924320.0,3.9,3,M,Women,2026-05-17T15:57:32.476815
Hoodie 423,4601760.0,3.7,3,L,Unisex,2026-05-17T15:57:32.476938
Pants 424,3865760.0,4.4,3,XL,Men,2026-05-17T15:57:32.477079
Outerwear 425,2528480.0,4.8,3,XXL,Women,2026-05-17T15:57:32.477212
Jacket 426,3462400.0,3.4,3,S,Unisex,2026-05-17T15:57:32.477384
Crewneck 427,6375200.0,3.3,3,M,Men,2026-05-17T15:57:32.477530
T-shirt 428,7053120.0,4.9,3,L,Women,2026-05-17T15:57:32.477670
Hoodie 429,1658560.0,4.9,3,XL,Unisex,2026-05-17T15:57:32.477810
Pants 430,1442080.0,3.9,3,XXL,Men,2026-05-17T15:57:32.477953
Jacket 432,2151840.0,4.5,3,M,Unisex,2026-05-17T15:57:32.478231
Crewneck 433,3872480.0,4.2,3,L,Men,2026-05-17T15:57:32.478373
T-shirt 434,6557120.0,4.9,3,XL,Women,2026-05-17T15:57:32.478527
Hoodie 435,1015680.0,4.0,3,XXL,Unisex,2026-05-17T15:57:32.478672
Outerwear 437,1016800.0,3.9,3,M,Women,2026-05-17T15:57:32.478949
Jacket 438,2453120.0,4.5,3,L,Unisex,2026-05-17T15:57:32.479104
Crewneck 439,4005440.0,3.2,3,XL,Men,2026-05-17T15:57:32.479242
T-shirt 440,5326080.0,3.0,3,XXL,Women,2026-05-17T15:57:32.479412
Pants 442,4701600.0,4.3,3,M,Men,2026-05-17T15:57:32.993950
Outerwear 443,7262720.0,4.2,3,L,Women,2026-05-17T15:57:32.994108
Jacket 444,4016960.0,3.3,3,XL,Unisex,2026-05-17T15:57:32.994229
Crewneck 445,3574240.0,4.5,3,XXL,Men,2026-05-17T15:57:32.994409
T-shirt 446,7740160.0,3.2,3,S,Women,2026-05-17T15:57:32.994576
Hoodie 447,4748640.0,4.0,3,M,Unisex,2026-05-17T15:57:32.994730
Pants 448,820160.0,4.4,3,L,Men,2026-05-17T15:57:32.994880
Outerwear 449,6410080.0,4.0,3,XL,Women,2026-05-17T15:57:32.995030
Jacket 450,8754880.0,3.1,3,XXL,Unisex,2026-05-17T15:57:32.995179
T-shirt 452,6892800.0,4.4,3,M,Women,2026-05-17T15:57:32.995544
Hoodie 453,6576960.0,4.2,3,L,Unisex,2026-05-17T15:57:32.995686
Pants 454,2179520.0,5.0,3,XL,Men,2026-05-17T15:57:32.995830
Outerwear 455,1094080.0,4.8,3,XXL,Women,2026-05-17T15:57:32.995961
Jacket 456,8096000.0,4.1,3,S,Unisex,2026-05-17T15:57:32.996092
Crewneck 457,7342880.0,4.8,3,M,Men,2026-05-17T15:57:32.996234
T-shirt 458,4240000.0,4.4,3,L,Women,2026-05-17T15:57:32.996382
Hoodie 459,3237280.0,3.5,3,XL,Unisex,2026-05-17T15:57:32.996639
Pants 460,1880800.0,3.6,3,XXL,Men,2026-05-17T15:57:32.996853
Jacket 462,6767840.0,4.5,3,M,Unisex,2026-05-17T15:57:33.493926
Crewneck 463,7539520.0,4.5,3,L,Men,2026-05-17T15:57:33.494072
T-shirt 464,6070080.0,4.5,3,XL,Women,2026-05-17T15:57:33.494235
Hoodie 465,6164320.0,4.7,3,XXL,Unisex,2026-05-17T15:57:33.494395
Outerwear 467,1325920.0,3.5,3,M,Women,2026-05-17T15:57:33.494699
Jacket 468,4584960.0,3.7,3,L,Unisex,2026-05-17T15:57:33.494856
Crewneck 469,1738880.0,4.2,3,XL,Men,2026-05-17T15:57:33.495014
T-shirt 470,7738880.0,3.1,3,XXL,Women,2026-05-17T15:57:33.495158
Pants 472,3902080.0,3.1,3,M,Men,2026-05-17T15:57:33.495467
Outerwear 473,5478080.0,4.2,3,L,Women,2026-05-17T15:57:33.495601
Jacket 474,5864960.0,4.7,3,XL,Unisex,2026-05-17T15:57:33.495725
Crewneck 475,7017280.0,4.6,3,XXL,Men,2026-05-17T15:57:33.495829
T-shirt 476,3986240.0,4.3,3,S,Women,2026-05-17T15:57:33.495971
Hoodie 477,6626080.0,4.2,3,M,Unisex,2026-05-17T15:57:33.496116
Pants 478,4912000.0,3.8,3,L,Men,2026-05-17T15:57:33.496254
Outerwear 479,7302400.0,4.4,3,XL,Women,2026-05-17T15:57:33.496366
Jacket 480,4986240.0,4.2,3,XXL,Unisex,2026-05-17T15:57:33.496510
T-shirt 482,3352480.0,4.8,3,M,Women,2026-05-17T15:57:33.996440
Hoodie 483,4035040.0,4.2,3,L,Unisex,2026-05-17T15:57:33.996534
Pants 484,6428640.0,4.1,3,XL,Men,2026-05-17T15:57:33.996629
Outerwear 485,4044480.0,4.7,3,XXL,Women,2026-05-17T15:57:33.996758
Jacket 486,2573760.0,3.0,3,S,Unisex,2026-05-17T15:57:33.996884
Crewneck 487,6955520.0,3.7,3,M,Men,2026-05-17T15:57:33.997040
T-shirt 488,8789760.0,3.8,3,L,Women,2026-05-17T15:57:33.997146
Hoodie 489,3554560.0,5.0,3,XL,Unisex,2026-05-17T15:57:33.997246
Pants 490,7081600.0,3.1,3,XXL,Men,2026-05-17T15:57:33.997340
Jacket 492,6011840.0,3.0,3,M,Unisex,2026-05-17T15:57:33.997527
Crewneck 493,5071520.0,4.8,3,L,Men,2026-05-17T15:57:33.997620
T-shirt 494,1390080.0,3.4,3,XL,Women,2026-05-17T15:57:33.997715
Hoodie 495,1663200.0,4.5,3,XXL,Unisex,2026-05-17T15:57:33.997809
Outerwear 497,3957760.0,4.4,3,M,Women,2026-05-17T15:57:33.997995
Jacket 498,4412800.0,4.6,3,L,Unisex,2026-05-17T15:57:33.998101
Crewneck 499,7825920.0,4.1,3,XL,Men,2026-05-17T15:57:33.998196
T-shirt 500,8114400.0,4.2,3,XXL,Women,2026-05-17T15:57:33.998328
Pants 502,7132480.0,4.4,3,M,Men,2026-05-17T15:57:34.518602
Outerwear 503,4924480.0,4.8,3,L,Women,2026-05-17T15:57:34.518714
Jacket 504,8024480.0,5.0,3,XL,Unisex,2026-05-17T15:57:34.518866
Crewneck 505,8747680.0,4.3,3,XXL,Men,2026-05-17T15:57:34.519002
T-shirt 506,8572000.0,3.6,3,S,Women,2026-05-17T15:57:34.519156
Hoodie 507,6844000.0,4.7,3,M,Unisex,2026-05-17T15:57:34.519287
Pants 508,7766080.0,3.5,3,L,Men,2026-05-17T15:57:34.519414
Outerwear 509,7178400.0,3.1,3,XL,Women,2026-05-17T15:57:34.519568
Jacket 510,1562080.0,3.4,3,XXL,Unisex,2026-05-17T15:57:34.519689
T-shirt 512,4319680.0,3.7,3,M,Women,2026-05-17T15:57:34.519994
Hoodie 513,1693760.0,4.4,3,L,Unisex,2026-05-17T15:57:34.520141
Pants 514,6888960.0,3.9,3,XL,Men,2026-05-17T15:57:34.520294
Outerwear 515,7262560.0,3.1,3,XXL,Women,2026-05-17T15:57:34.520441
Jacket 516,7130720.0,3.4,3,S,Unisex,2026-05-17T15:57:34.520616
Crewneck 517,1069280.0,3.5,3,M,Men,2026-05-17T15:57:34.520742
T-shirt 518,2575680.0,4.1,3,L,Women,2026-05-17T15:57:34.520879
Hoodie 519,2236160.0,4.5,3,XL,Unisex,2026-05-17T15:57:34.521016
Pants 520,2308320.0,3.8,3,XXL,Men,2026-05-17T15:57:34.521165
Jacket 522,6292960.0,4.0,3,M,Unisex,2026-05-17T15:57:35.024057
Crewneck 523,3626720.0,4.6,3,L,Men,2026-05-17T15:57:35.024199
T-shirt 524,936000.0,3.8,3,XL,Women,2026-05-17T15:57:35.024332
Hoodie 525,7919040.0,3.6,3,XXL,Unisex,2026-05-17T15:57:35.024481
Outerwear 527,4669280.0,3.6,3,M,Women,2026-05-17T15:57:35.024691
Jacket 528,5595840.0,4.0,3,L,Unisex,2026-05-17T15:57:35.024809
Crewneck 529,1420160.0,3.2,3,XL,Men,2026-05-17T15:57:35.024919
T-shirt 530,6173760.0,3.3,3,XXL,Women,2026-05-17T15:57:35.025047
Pants 532,8391200.0,4.1,3,M,Men,2026-05-17T15:57:35.025449
Outerwear 533,3370240.0,4.2,3,L,Women,2026-05-17T15:57:35.025597
Jacket 534,3479200.0,3.7,3,XL,Unisex,2026-05-17T15:57:35.025721
Crewneck 535,3901280.0,3.7,3,XXL,Men,2026-05-17T15:57:35.025866
T-shirt 536,5092480.0,3.0,3,S,Women,2026-05-17T15:57:35.026007
Hoodie 537,8671840.0,3.1,3,M,Unisex,2026-05-17T15:57:35.026147
Pants 538,6134240.0,3.4,3,L,Men,2026-05-17T15:57:35.026322
Outerwear 539,4692640.0,4.7,3,XL,Women,2026-05-17T15:57:35.026468
Jacket 540,7051840.0,4.4,3,XXL,Unisex,2026-05-17T15:57:35.026606
T-shirt 542,4761440.0,3.5,3,M,Women,2026-05-17T15:57:35.548885
Hoodie 543,8715680.0,4.7,3,L,Unisex,2026-05-17T15:57:35.549028
Pants 544,5957760.0,3.1,3,XL,Men,2026-05-17T15:57:35.549154
Outerwear 545,3579360.0,4.0,3,XXL,Women,2026-05-17T15:57:35.549284
Jacket 546,6271520.0,3.3,3,S,Unisex,2026-05-17T15:57:35.549396
Crewneck 547,5361120.0,3.9,3,M,Men,2026-05-17T15:57:35.549544
T-shirt 548,2686240.0,4.6,3,L,Women,2026-05-17T15:57:35.549687
Hoodie 549,2687200.0,3.7,3,XL,Unisex,2026-05-17T15:57:35.549850
Pants 550,4450080.0,4.9,3,XXL,Men,2026-05-17T15:57:35.549950
Jacket 552,5380320.0,4.1,3,M,Unisex,2026-05-17T15:57:35.550233
Crewneck 553,7760800.0,3.8,3,L,Men,2026-05-17T15:57:35.550374
T-shirt 554,4001120.0,4.5,3,XL,Women,2026-05-17T15:57:35.550512
Hoodie 555,1809600.0,3.0,3,XXL,Unisex,2026-05-17T15:57:35.550655
Outerwear 557,5460480.0,3.4,3,M,Women,2026-05-17T15:57:35.550899
Jacket 558,5007040.0,4.0,3,L,Unisex,2026-05-17T15:57:35.551024
Crewneck 559,1590880.0,3.5,3,XL,Men,2026-05-17T15:57:35.551163
T-shirt 560,6885280.0,4.2,3,XXL,Women,2026-05-17T15:57:35.551309
Pants 562,3724160.0,4.5,3,M,Men,2026-05-17T15:57:36.048849
Outerwear 563,8197440.0,4.7,3,L,Women,2026-05-17T15:57:36.049012
Jacket 564,8319200.0,4.3,3,XL,Unisex,2026-05-17T15:57:36.049191
Crewneck 565,7635200.0,3.5,3,XXL,Men,2026-05-17T15:57:36.049357
T-shirt 566,2611360.0,4.6,3,S,Women,2026-05-17T15:57:36.049500
Hoodie 567,4576160.0,3.2,3,M,Unisex,2026-05-17T15:57:36.049655
Pants 568,2984160.0,3.3,3,L,Men,2026-05-17T15:57:36.049820
Outerwear 569,4966880.0,4.7,3,XL,Women,2026-05-17T15:57:36.049975
Jacket 570,4000960.0,3.9,3,XXL,Unisex,2026-05-17T15:57:36.050133
T-shirt 572,4756320.0,3.2,3,M,Women,2026-05-17T15:57:36.050441
Hoodie 573,6954080.0,4.5,3,L,Unisex,2026-05-17T15:57:36.050599
Pants 574,2424000.0,3.8,3,XL,Men,2026-05-17T15:57:36.050760
Outerwear 575,3517760.0,3.4,3,XXL,Women,2026-05-17T15:57:36.050922
Jacket 576,805600.0,3.5,3,S,Unisex,2026-05-17T15:57:36.051077
Crewneck 577,7873920.0,3.3,3,M,Men,2026-05-17T15:57:36.051259
T-shirt 578,7958880.0,4.1,3,L,Women,2026-05-17T15:57:36.051428
Hoodie 579,4428640.0,4.4,3,XL,Unisex,2026-05-17T15:57:36.051583
Pants 580,2625440.0,3.3,3,XXL,Men,2026-05-17T15:57:36.051753
Jacket 582,4112160.0,4.1,3,M,Unisex,2026-05-17T15:57:36.584321
Crewneck 583,5737760.0,4.5,3,L,Men,2026-05-17T15:57:36.584465
T-shirt 584,6964960.0,4.8,3,XL,Women,2026-05-17T15:57:36.584785
Hoodie 585,6186880.0,4.9,3,XXL,Unisex,2026-05-17T15:57:36.585027
Outerwear 587,4424960.0,4.4,3,M,Women,2026-05-17T15:57:36.585656
Jacket 588,4963040.0,4.7,3,L,Unisex,2026-05-17T15:57:36.585813
Crewneck 589,931840.0,4.7,3,XL,Men,2026-05-17T15:57:36.585965
T-shirt 590,6457120.0,3.9,3,XXL,Women,2026-05-17T15:57:36.586113
Pants 592,6805440.0,4.3,3,M,Men,2026-05-17T15:57:36.586458
Outerwear 593,7163840.0,3.9,3,L,Women,2026-05-17T15:57:36.586615
Jacket 594,8707680.0,4.2,3,XL,Unisex,2026-05-17T15:57:36.586773
Crewneck 595,3723840.0,3.5,3,XXL,Men,2026-05-17T15:57:36.586936
T-shirt 596,8290400.0,4.4,3,S,Women,2026-05-17T15:57:36.587129
Hoodie 597,7969440.0,3.3,3,M,Unisex,2026-05-17T15:57:36.587296
Pants 598,4714080.0,4.1,3,L,Men,2026-05-17T15:57:36.587445
Outerwear 599,1179040.0,3.3,3,XL,Women,2026-05-17T15:57:36.587650
Jacket 600,6414080.0,3.0,3,XXL,Unisex,2026-05-17T15:57:36.587832
T-shirt 602,2260960.0,4.4,3,M,Women,2026-05-17T15:57:37.287400
Hoodie 603,7511520.0,3.1,3,L,Unisex,2026-05-17T15:57:37.287552
Pants 604,7662240.0,4.3,3,XL,Men,2026-05-17T15:57:37.287694
Outerwear 605,1710720.0,3.7,3,XXL,Women,2026-05-17T15:57:37.287847
Jacket 606,5770720.0,4.6,3,S,Unisex,2026-05-17T15:57:37.287991
Crewneck 607,3857600.0,3.1,3,M,Men,2026-05-17T15:57:37.288141
T-shirt 608,7047840.0,4.6,3,L,Women,2026-05-17T15:57:37.288255
Hoodie 609,2956320.0,4.1,3,XL,Unisex,2026-05-17T15:57:37.288394
Pants 610,4515360.0,3.3,3,XXL,Men,2026-05-17T15:57:37.288528
Jacket 612,3202720.0,3.1,3,M,Unisex,2026-05-17T15:57:37.288956
Crewneck 613,1013920.0,3.6,3,L,Men,2026-05-17T15:57:37.289081
T-shirt 614,2428160.0,3.1,3,XL,Women,2026-05-17T15:57:37.289220
Hoodie 615,4798720.0,4.8,3,XXL,Unisex,2026-05-17T15:57:37.289406
Outerwear 617,1765920.0,4.3,3,M,Women,2026-05-17T15:57:37.289696
Jacket 618,6474080.0,3.3,3,L,Unisex,2026-05-17T15:57:37.289832
Crewneck 619,8340640.0,4.4,3,XL,Men,2026-05-17T15:57:37.289964
T-shirt 620,2270240.0,3.3,3,XXL,Women,2026-05-17T15:57:37.290119
Pants 622,4849600.0,3.5,3,M,Men,2026-05-17T15:57:37.814077
Outerwear 623,7299520.0,4.6,3,L,Women,2026-05-17T15:57:37.814245
Jacket 624,6943200.0,3.9,3,XL,Unisex,2026-05-17T15:57:37.814432
Crewneck 625,7826400.0,4.1,3,XXL,Men,2026-05-17T15:57:37.814576
T-shirt 626,7777440.0,4.5,3,S,Women,2026-05-17T15:57:37.814738
Hoodie 627,1232320.0,3.2,3,M,Unisex,2026-05-17T15:57:37.814892
Pants 628,8113120.0,4.3,3,L,Men,2026-05-17T15:57:37.815042
Outerwear 629,3997920.0,4.4,3,XL,Women,2026-05-17T15:57:37.815186
Jacket 630,1003680.0,3.8,3,XXL,Unisex,2026-05-17T15:57:37.815331
T-shirt 632,4314240.0,3.6,3,M,Women,2026-05-17T15:57:37.815628
Hoodie 633,3128000.0,3.1,3,L,Unisex,2026-05-17T15:57:37.815786
Pants 634,8535680.0,3.9,3,XL,Men,2026-05-17T15:57:37.815939
Outerwear 635,6897120.0,4.1,3,XXL,Women,2026-05-17T15:57:37.816093
Jacket 636,3476320.0,4.5,3,S,Unisex,2026-05-17T15:57:37.816266
Crewneck 637,6030240.0,4.0,3,M,Men,2026-05-17T15:57:37.816453
T-shirt 638,5220960.0,4.6,3,L,Women,2026-05-17T15:57:37.816579
Hoodie 639,6782720.0,4.7,3,XL,Unisex,2026-05-17T15:57:37.816725
Pants 640,3038560.0,3.8,3,XXL,Men,2026-05-17T15:57:37.816840
Jacket 642,7747360.0,4.7,3,M,Unisex,2026-05-17T15:57:38.330164
Crewneck 643,6116000.0,3.2,3,L,Men,2026-05-17T15:57:38.330329
T-shirt 644,7479360.0,4.2,3,XL,Women,2026-05-17T15:57:38.330467
Hoodie 645,3285440.0,3.3,3,XXL,Unisex,2026-05-17T15:57:38.330622
Outerwear 647,4304960.0,3.8,3,M,Women,2026-05-17T15:57:38.330912
Jacket 648,8699520.0,4.5,3,L,Unisex,2026-05-17T15:57:38.331074
Crewneck 649,8588160.0,3.2,3,XL,Men,2026-05-17T15:57:38.331244
T-shirt 650,8012800.0,3.4,3,XXL,Women,2026-05-17T15:57:38.331396
Pants 652,6084960.0,3.3,3,M,Men,2026-05-17T15:57:38.331685
Outerwear 653,2622080.0,4.0,3,L,Women,2026-05-17T15:57:38.331858
Jacket 654,4089440.0,4.7,3,XL,Unisex,2026-05-17T15:57:38.332017
Crewneck 655,1834240.0,4.1,3,XXL,Men,2026-05-17T15:57:38.332164
T-shirt 656,2538720.0,4.2,3,S,Women,2026-05-17T15:57:38.332326
Hoodie 657,8459040.0,4.8,3,M,Unisex,2026-05-17T15:57:38.332472
Pants 658,6268320.0,3.8,3,L,Men,2026-05-17T15:57:38.332640
Outerwear 659,1817920.0,3.3,3,XL,Women,2026-05-17T15:57:38.332793
Jacket 660,8715200.0,3.5,3,XXL,Unisex,2026-05-17T15:57:38.332949
T-shirt 662,1422720.0,4.5,3,M,Women,2026-05-17T15:57:38.917870
Hoodie 663,7087200.0,4.0,3,L,Unisex,2026-05-17T15:57:38.918008
Pants 664,8248640.0,3.5,3,XL,Men,2026-05-17T15:57:38.918151
Outerwear 665,4033600.0,3.2,3,XXL,Women,2026-05-17T15:57:38.918295
Jacket 666,4844000.0,3.9,3,S,Unisex,2026-05-17T15:57:38.918416
Crewneck 667,1756640.0,3.7,3,M,Men,2026-05-17T15:57:38.918538
T-shirt 668,5044640.0,3.7,3,L,Women,2026-05-17T15:57:38.918652
Hoodie 669,2346080.0,3.3,3,XL,Unisex,2026-05-17T15:57:38.918759
Pants 670,8406720.0,4.8,3,XXL,Men,2026-05-17T15:57:38.918919
Jacket 672,4776160.0,4.5,3,M,Unisex,2026-05-17T15:57:38.919177
Crewneck 673,2803360.0,4.7,3,L,Men,2026-05-17T15:57:38.919326
T-shirt 674,3156640.0,3.1,3,XL,Women,2026-05-17T15:57:38.919429
Hoodie 675,4314880.0,3.2,3,XXL,Unisex,2026-05-17T15:57:38.919577
Outerwear 677,4657440.0,3.3,3,M,Women,2026-05-17T15:57:38.919845
Jacket 678,2777120.0,4.3,3,L,Unisex,2026-05-17T15:57:38.919955
Crewneck 679,6373120.0,3.2,3,XL,Men,2026-05-17T15:57:38.920103
T-shirt 680,8164800.0,3.2,3,XXL,Women,2026-05-17T15:57:38.920239
Pants 682,7616480.0,3.9,3,M,Men,2026-05-17T15:57:39.517478
Outerwear 683,3907360.0,3.6,3,L,Women,2026-05-17T15:57:39.517643
Jacket 684,7102560.0,3.5,3,XL,Unisex,2026-05-17T15:57:39.517787
Crewneck 685,1495840.0,4.6,3,XXL,Men,2026-05-17T15:57:39.517914
T-shirt 686,5381760.0,3.8,3,S,Women,2026-05-17T15:57:39.518039
Hoodie 687,4220800.0,4.7,3,M,Unisex,2026-05-17T15:57:39.518173
Pants 688,1487520.0,4.4,3,L,Men,2026-05-17T15:57:39.518293
Outerwear 689,1939040.0,4.6,3,XL,Women,2026-05-17T15:57:39.518407
Jacket 690,8782560.0,4.7,3,XXL,Unisex,2026-05-17T15:57:39.518526
T-shirt 692,1416480.0,4.1,3,M,Women,2026-05-17T15:57:39.518739
Hoodie 693,3031680.0,4.1,3,L,Unisex,2026-05-17T15:57:39.518861
Pants 694,2466720.0,3.4,3,XL,Men,2026-05-17T15:57:39.518972
Outerwear 695,959360.0,3.3,3,XXL,Women,2026-05-17T15:57:39.519076
Jacket 696,5146240.0,4.2,3,S,Unisex,2026-05-17T15:57:39.519180
Crewneck 697,6545120.0,5.0,3,M,Men,2026-05-17T15:57:39.519285
T-shirt 698,2444960.0,4.1,3,L,Women,2026-05-17T15:57:39.519457
Hoodie 699,5250240.0,4.5,3,XL,Unisex,2026-05-17T15:57:39.519619
Pants 700,3526560.0,4.3,3,XXL,Men,2026-05-17T15:57:39.519787
Jacket 702,4927680.0,4.3,3,M,Unisex,2026-05-17T15:57:40.089745
Crewneck 703,2949120.0,4.2,3,L,Men,2026-05-17T15:57:40.089891
T-shirt 704,6214240.0,4.1,3,XL,Women,2026-05-17T15:57:40.090046
Hoodie 705,3042880.0,3.1,3,XXL,Unisex,2026-05-17T15:57:40.090226
Outerwear 707,7746240.0,4.4,3,M,Women,2026-05-17T15:57:40.090543
Jacket 708,8541280.0,4.3,3,L,Unisex,2026-05-17T15:57:40.090688
Crewneck 709,7022400.0,3.9,3,XL,Men,2026-05-17T15:57:40.090864
T-shirt 710,3751520.0,3.2,3,XXL,Women,2026-05-17T15:57:40.091000
Pants 712,1510400.0,4.1,3,M,Men,2026-05-17T15:57:40.091295
Outerwear 713,3142880.0,4.4,3,L,Women,2026-05-17T15:57:40.091460
Jacket 714,892320.0,3.1,3,XL,Unisex,2026-05-17T15:57:40.091628
Crewneck 715,7021760.0,3.9,3,XXL,Men,2026-05-17T15:57:40.091762
T-shirt 716,3602560.0,4.9,3,S,Women,2026-05-17T15:57:40.091908
Hoodie 717,1532800.0,3.6,3,M,Unisex,2026-05-17T15:57:40.092057
Pants 718,4057120.0,3.2,3,L,Men,2026-05-17T15:57:40.092224
Outerwear 719,3172960.0,4.7,3,XL,Women,2026-05-17T15:57:40.092451
Jacket 720,2028320.0,3.8,3,XXL,Unisex,2026-05-17T15:57:40.092614
T-shirt 722,8724320.0,3.2,3,M,Women,2026-05-17T15:57:40.622654
Hoodie 723,5664800.0,3.4,3,L,Unisex,2026-05-17T15:57:40.622822
Pants 724,4824800.0,4.7,3,XL,Men,2026-05-17T15:57:40.622956
Outerwear 725,4979200.0,3.0,3,XXL,Women,2026-05-17T15:57:40.623129
Jacket 726,6345920.0,3.5,3,S,Unisex,2026-05-17T15:57:40.623280
Crewneck 727,4024000.0,4.8,3,M,Men,2026-05-17T15:57:40.623635
T-shirt 728,8173440.0,3.0,3,L,Women,2026-05-17T15:57:40.623882
Hoodie 729,6431360.0,3.6,3,XL,Unisex,2026-05-17T15:57:40.624130
Pants 730,7228800.0,4.5,3,XXL,Men,2026-05-17T15:57:40.624273
Jacket 732,6597600.0,3.9,3,M,Unisex,2026-05-17T15:57:40.624591
Crewneck 733,1162880.0,4.7,3,L,Men,2026-05-17T15:57:40.624741
T-shirt 734,6858560.0,4.2,3,XL,Women,2026-05-17T15:57:40.624894
Hoodie 735,4664320.0,4.0,3,XXL,Unisex,2026-05-17T15:57:40.625018
Outerwear 737,1015680.0,4.7,3,M,Women,2026-05-17T15:57:40.625265
Jacket 738,1893920.0,3.7,3,L,Unisex,2026-05-17T15:57:40.625400
Crewneck 739,8072960.0,3.3,3,XL,Men,2026-05-17T15:57:40.625549
T-shirt 740,7016640.0,3.4,3,XXL,Women,2026-05-17T15:57:40.625657
Pants 742,5626080.0,3.6,3,M,Men,2026-05-17T15:57:41.130586
Outerwear 743,5678080.0,3.0,3,L,Women,2026-05-17T15:57:41.130735
Jacket 744,5175680.0,4.1,3,XL,Unisex,2026-05-17T15:57:41.130879
Crewneck 745,2882560.0,3.8,3,XXL,Men,2026-05-17T15:57:41.131035
T-shirt 746,1517440.0,5.0,3,S,Women,2026-05-17T15:57:41.131191
Hoodie 747,6326880.0,4.7,3,M,Unisex,2026-05-17T15:57:41.131343
Pants 748,3134080.0,3.7,3,L,Men,2026-05-17T15:57:41.131506
Outerwear 749,2627360.0,3.2,3,XL,Women,2026-05-17T15:57:41.131675
Jacket 750,1030400.0,3.7,3,XXL,Unisex,2026-05-17T15:57:41.131834
T-shirt 752,7431520.0,3.8,3,M,Women,2026-05-17T15:57:41.132155
Hoodie 753,8137600.0,4.8,3,L,Unisex,2026-05-17T15:57:41.132307
Pants 754,7229760.0,3.1,3,XL,Men,2026-05-17T15:57:41.132459
Outerwear 755,6910400.0,4.6,3,XXL,Women,2026-05-17T15:57:41.132610
Jacket 756,7128000.0,3.1,3,S,Unisex,2026-05-17T15:57:41.132761
Crewneck 757,7582720.0,4.4,3,M,Men,2026-05-17T15:57:41.132912
T-shirt 758,6025920.0,3.1,3,L,Women,2026-05-17T15:57:41.133069
Hoodie 759,2779840.0,4.7,3,XL,Unisex,2026-05-17T15:57:41.133235
Pants 760,2191040.0,4.1,3,XXL,Men,2026-05-17T15:57:41.133382
Jacket 762,4091840.0,4.9,3,M,Unisex,2026-05-17T15:57:41.663965
Crewneck 763,5792640.0,3.9,3,L,Men,2026-05-17T15:57:41.664105
T-shirt 764,7211680.0,3.4,3,XL,Women,2026-05-17T15:57:41.664243
Hoodie 765,1343360.0,4.9,3,XXL,Unisex,2026-05-17T15:57:41.664378
Outerwear 767,4152800.0,4.5,3,M,Women,2026-05-17T15:57:41.664644
Jacket 768,5662080.0,4.9,3,L,Unisex,2026-05-17T15:57:41.664766
Crewneck 769,6294560.0,3.3,3,XL,Men,2026-05-17T15:57:41.664880
T-shirt 770,1655040.0,3.5,3,XXL,Women,2026-05-17T15:57:41.665014
Pants 772,8748160.0,3.4,3,M,Men,2026-05-17T15:57:41.665279
Outerwear 773,3393600.0,3.2,3,L,Women,2026-05-17T15:57:41.665374
Jacket 774,1485760.0,4.1,3,XL,Unisex,2026-05-17T15:57:41.665467
Crewneck 775,8189440.0,3.1,3,XXL,Men,2026-05-17T15:57:41.665561
T-shirt 776,5333120.0,3.7,3,S,Women,2026-05-17T15:57:41.665682
Hoodie 777,6104800.0,3.4,3,M,Unisex,2026-05-17T15:57:41.665785
Pants 778,6034720.0,4.2,3,L,Men,2026-05-17T15:57:41.665940
Outerwear 779,5816480.0,3.2,3,XL,Women,2026-05-17T15:57:41.666073
Jacket 780,2767520.0,3.4,3,XXL,Unisex,2026-05-17T15:57:41.666195
T-shirt 782,4117440.0,4.5,3,M,Women,2026-05-17T15:57:42.172389
Hoodie 783,2510720.0,3.0,3,L,Unisex,2026-05-17T15:57:42.172491
Pants 784,5341280.0,3.0,3,XL,Men,2026-05-17T15:57:42.172591
Outerwear 785,6444480.0,4.3,3,XXL,Women,2026-05-17T15:57:42.172696
Jacket 786,6749280.0,5.0,3,S,Unisex,2026-05-17T15:57:42.172799
Crewneck 787,4593600.0,4.7,3,M,Men,2026-05-17T15:57:42.172899
T-shirt 788,3041120.0,4.7,3,L,Women,2026-05-17T15:57:42.173000
Hoodie 789,2153280.0,4.0,3,XL,Unisex,2026-05-17T15:57:42.173099
Pants 790,1708320.0,3.2,3,XXL,Men,2026-05-17T15:57:42.173220
Jacket 792,4068960.0,3.8,3,M,Unisex,2026-05-17T15:57:42.173424
Crewneck 793,8650080.0,4.0,3,L,Men,2026-05-17T15:57:42.173523
T-shirt 794,5983040.0,4.0,3,XL,Women,2026-05-17T15:57:42.173639
Hoodie 795,4209600.0,3.9,3,XXL,Unisex,2026-05-17T15:57:42.173741
Outerwear 797,2771360.0,4.9,3,M,Women,2026-05-17T15:57:42.173938
Jacket 798,4391040.0,3.4,3,L,Unisex,2026-05-17T15:57:42.174036
Crewneck 799,4048800.0,4.2,3,XL,Men,2026-05-17T15:57:42.174135
T-shirt 800,7433280.0,4.6,3,XXL,Women,2026-05-17T15:57:42.174246
Pants 802,5710240.0,4.4,3,M,Men,2026-05-17T15:57:42.708917
Outerwear 803,1875360.0,4.3,3,L,Women,2026-05-17T15:57:42.709046
Jacket 804,4459040.0,3.9,3,XL,Unisex,2026-05-17T15:57:42.709144
Crewneck 805,3266720.0,4.8,3,XXL,Men,2026-05-17T15:57:42.709267
T-shirt 806,7310560.0,3.0,3,S,Women,2026-05-17T15:57:42.709393
Hoodie 807,5016000.0,4.7,3,M,Unisex,2026-05-17T15:57:42.709499
Pants 808,8717760.0,3.2,3,L,Men,2026-05-17T15:57:42.709650
Outerwear 809,7162560.0,3.7,3,XL,Women,2026-05-17T15:57:42.709856
Jacket 810,3796640.0,4.8,3,XXL,Unisex,2026-05-17T15:57:42.710018
T-shirt 812,6406080.0,4.2,3,M,Women,2026-05-17T15:57:42.710742
Hoodie 813,4872800.0,5.0,3,L,Unisex,2026-05-17T15:57:42.711059
Pants 814,1110080.0,4.7,3,XL,Men,2026-05-17T15:57:42.711202
Outerwear 815,5985440.0,4.8,3,XXL,Women,2026-05-17T15:57:42.711354
Jacket 816,1649120.0,4.5,3,S,Unisex,2026-05-17T15:57:42.711582
Crewneck 817,8744160.0,4.4,3,M,Men,2026-05-17T15:57:42.711720
T-shirt 818,5160320.0,3.8,3,L,Women,2026-05-17T15:57:42.711862
Hoodie 819,4742400.0,4.7,3,XL,Unisex,2026-05-17T15:57:42.712049
Pants 820,6030720.0,3.4,3,XXL,Men,2026-05-17T15:57:42.712207
Jacket 822,838240.0,4.2,3,M,Unisex,2026-05-17T15:57:43.224429
Crewneck 823,6103520.0,4.7,3,L,Men,2026-05-17T15:57:43.224530
T-shirt 824,3301440.0,4.1,3,XL,Women,2026-05-17T15:57:43.224732
Hoodie 825,1058400.0,3.8,3,XXL,Unisex,2026-05-17T15:57:43.224851
Outerwear 827,7091040.0,4.8,3,M,Women,2026-05-17T15:57:43.225063
Jacket 828,2324000.0,4.6,3,L,Unisex,2026-05-17T15:57:43.225168
Crewneck 829,4630400.0,4.4,3,XL,Men,2026-05-17T15:57:43.225278
T-shirt 830,4496480.0,3.0,3,XXL,Women,2026-05-17T15:57:43.225485
Pants 832,3955360.0,4.6,3,M,Men,2026-05-17T15:57:43.225805
Outerwear 833,7101280.0,3.0,3,L,Women,2026-05-17T15:57:43.225962
Jacket 834,7223680.0,3.1,3,XL,Unisex,2026-05-17T15:57:43.226085
Crewneck 835,7143360.0,3.9,3,XXL,Men,2026-05-17T15:57:43.226243
T-shirt 836,6065440.0,4.1,3,S,Women,2026-05-17T15:57:43.226379
Hoodie 837,5532640.0,5.0,3,M,Unisex,2026-05-17T15:57:43.226507
Pants 838,2848800.0,3.1,3,L,Men,2026-05-17T15:57:43.226660
Outerwear 839,4208320.0,3.9,3,XL,Women,2026-05-17T15:57:43.226797
Jacket 840,8164640.0,3.6,3,XXL,Unisex,2026-05-17T15:57:43.226943
T-shirt 842,2859040.0,3.3,3,M,Women,2026-05-17T15:57:43.751249
Hoodie 843,2997120.0,3.6,3,L,Unisex,2026-05-17T15:57:43.751404
Pants 844,7422880.0,3.9,3,XL,Men,2026-05-17T15:57:43.751562
Outerwear 845,2023200.0,3.2,3,XXL,Women,2026-05-17T15:57:43.751713
Jacket 846,7480480.0,3.6,3,S,Unisex,2026-05-17T15:57:43.751896
Crewneck 847,4789920.0,3.7,3,M,Men,2026-05-17T15:57:43.752066
T-shirt 848,6134240.0,4.1,3,L,Women,2026-05-17T15:57:43.752205
Hoodie 849,7816160.0,3.5,3,XL,Unisex,2026-05-17T15:57:43.752357
Pants 850,4144160.0,4.2,3,XXL,Men,2026-05-17T15:57:43.752502
Jacket 852,2777280.0,4.1,3,M,Unisex,2026-05-17T15:57:43.752820
Crewneck 853,2643840.0,3.4,3,L,Men,2026-05-17T15:57:43.752974
T-shirt 854,1600000.0,4.5,3,XL,Women,2026-05-17T15:57:43.753112
Hoodie 855,3249760.0,5.0,3,XXL,Unisex,2026-05-17T15:57:43.753262
Outerwear 857,4532800.0,3.0,3,M,Women,2026-05-17T15:57:43.753574
Jacket 858,3748640.0,3.7,3,L,Unisex,2026-05-17T15:57:43.753731
Crewneck 859,6418560.0,3.0,3,XL,Men,2026-05-17T15:57:43.753900
T-shirt 860,2419360.0,4.7,3,XXL,Women,2026-05-17T15:57:43.754056
Pants 862,4131360.0,3.3,3,M,Men,2026-05-17T15:57:44.277404
Outerwear 863,1071360.0,4.0,3,L,Women,2026-05-17T15:57:44.277578
Jacket 864,2168000.0,4.5,3,XL,Unisex,2026-05-17T15:57:44.277722
Crewneck 865,6805120.0,3.9,3,XXL,Men,2026-05-17T15:57:44.277852
T-shirt 866,2399040.0,3.2,3,S,Women,2026-05-17T15:57:44.277991
Hoodie 867,1303840.0,3.3,3,M,Unisex,2026-05-17T15:57:44.278121
Pants 868,7473760.0,4.6,3,L,Men,2026-05-17T15:57:44.278252
Outerwear 869,6040320.0,4.5,3,XL,Women,2026-05-17T15:57:44.278381
Jacket 870,6395040.0,3.5,3,XXL,Unisex,2026-05-17T15:57:44.278508
T-shirt 872,1343680.0,4.3,3,M,Women,2026-05-17T15:57:44.278751
Hoodie 873,8321600.0,4.8,3,L,Unisex,2026-05-17T15:57:44.278882
Pants 874,2755200.0,4.4,3,XL,Men,2026-05-17T15:57:44.279010
Outerwear 875,2506720.0,4.6,3,XXL,Women,2026-05-17T15:57:44.279151
Jacket 876,3225760.0,4.6,3,S,Unisex,2026-05-17T15:57:44.279293
Crewneck 877,4552640.0,4.6,3,M,Men,2026-05-17T15:57:44.279403
T-shirt 878,4809760.0,4.7,3,L,Women,2026-05-17T15:57:44.279541
Hoodie 879,1026880.0,3.1,3,XL,Unisex,2026-05-17T15:57:44.279731
Pants 880,6497760.0,4.3,3,XXL,Men,2026-05-17T15:57:44.279863
Jacket 882,6420960.0,3.3,3,M,Unisex,2026-05-17T15:57:44.829579
Crewneck 883,5901120.0,3.6,3,L,Men,2026-05-17T15:57:44.829716
T-shirt 884,7414720.0,4.3,3,XL,Women,2026-05-17T15:57:44.829858
Hoodie 885,4760640.0,3.4,3,XXL,Unisex,2026-05-17T15:57:44.830055
Outerwear 887,7806400.0,3.8,3,M,Women,2026-05-17T15:57:44.830330
Jacket 888,7869280.0,4.2,3,L,Unisex,2026-05-17T15:57:44.830464
Crewneck 889,6333920.0,4.6,3,XL,Men,2026-05-17T15:57:44.830608
T-shirt 890,6439040.0,4.7,3,XXL,Women,2026-05-17T15:57:44.830721
Pants 892,8515360.0,4.4,3,M,Men,2026-05-17T15:57:44.830916
Outerwear 893,2673600.0,3.2,3,L,Women,2026-05-17T15:57:44.831037
Jacket 894,2946560.0,4.8,3,XL,Unisex,2026-05-17T15:57:44.831177
Crewneck 895,1126720.0,4.3,3,XXL,Men,2026-05-17T15:57:44.831321
T-shirt 896,7873760.0,4.9,3,S,Women,2026-05-17T15:57:44.831465
Hoodie 897,6077920.0,3.1,3,M,Unisex,2026-05-17T15:57:44.831576
Pants 898,8408640.0,4.1,3,L,Men,2026-05-17T15:57:44.831732
Outerwear 899,6192960.0,4.8,3,XL,Women,2026-05-17T15:57:44.831835
Jacket 900,7214240.0,3.3,3,XXL,Unisex,2026-05-17T15:57:44.831954
T-shirt 902,3164000.0,3.6,3,M,Women,2026-05-17T15:57:45.342309
Hoodie 903,2617920.0,4.1,3,L,Unisex,2026-05-17T15:57:45.342467
Pants 904,3356320.0,3.9,3,XL,Men,2026-05-17T15:57:45.342613
Outerwear 905,5027840.0,4.9,3,XXL,Women,2026-05-17T15:57:45.342751
Jacket 906,4301760.0,3.9,3,S,Unisex,2026-05-17T15:57:45.342958
Crewneck 907,8732640.0,4.9,3,M,Men,2026-05-17T15:57:45.343119
T-shirt 908,7954880.0,4.2,3,L,Women,2026-05-17T15:57:45.343241
Hoodie 909,8383840.0,3.6,3,XL,Unisex,2026-05-17T15:57:45.343394
Pants 910,2395200.0,4.7,3,XXL,Men,2026-05-17T15:57:45.343551
Jacket 912,7853280.0,4.9,3,M,Unisex,2026-05-17T15:57:45.344017
Crewneck 913,3222240.0,3.5,3,L,Men,2026-05-17T15:57:45.344138
T-shirt 914,5799200.0,4.6,3,XL,Women,2026-05-17T15:57:45.344274
Hoodie 915,2649120.0,4.2,3,XXL,Unisex,2026-05-17T15:57:45.344405
Outerwear 917,6061600.0,4.0,3,M,Women,2026-05-17T15:57:45.344707
Jacket 918,5380800.0,3.3,3,L,Unisex,2026-05-17T15:57:45.344846
Crewneck 919,8364000.0,4.7,3,XL,Men,2026-05-17T15:57:45.344995
T-shirt 920,3706080.0,3.2,3,XXL,Women,2026-05-17T15:57:45.345145
Pants 922,1210880.0,4.4,3,M,Men,2026-05-17T15:57:45.983790
Outerwear 923,2435840.0,3.7,3,L,Women,2026-05-17T15:57:45.983932
Jacket 924,3764320.0,3.8,3,XL,Unisex,2026-05-17T15:57:45.984078
Crewneck 925,7900800.0,4.5,3,XXL,Men,2026-05-17T15:57:45.984223
T-shirt 926,1911040.0,4.6,3,S,Women,2026-05-17T15:57:45.984354
Hoodie 927,7706400.0,3.5,3,M,Unisex,2026-05-17T15:57:45.984499
Pants 928,3911680.0,3.4,3,L,Men,2026-05-17T15:57:45.984659
Outerwear 929,1253440.0,3.3,3,XL,Women,2026-05-17T15:57:45.984848
Jacket 930,1741120.0,4.9,3,XXL,Unisex,2026-05-17T15:57:45.985021
T-shirt 932,5937600.0,4.2,3,M,Women,2026-05-17T15:57:45.985286
Hoodie 933,4960800.0,3.4,3,L,Unisex,2026-05-17T15:57:45.985419
Pants 934,2248160.0,3.6,3,XL,Men,2026-05-17T15:57:45.985566
Outerwear 935,6048000.0,4.1,3,XXL,Women,2026-05-17T15:57:45.985700
Jacket 936,6165440.0,3.1,3,S,Unisex,2026-05-17T15:57:45.985822
Crewneck 937,2475360.0,4.1,3,M,Men,2026-05-17T15:57:45.985959
T-shirt 938,4058400.0,3.6,3,L,Women,2026-05-17T15:57:45.986119
Hoodie 939,4466080.0,4.8,3,XL,Unisex,2026-05-17T15:57:45.986290
Pants 940,5776000.0,3.7,3,XXL,Men,2026-05-17T15:57:45.986447
Jacket 942,7972960.0,3.0,3,M,Unisex,2026-05-17T15:57:46.726739
Crewneck 943,4571040.0,4.4,3,L,Men,2026-05-17T15:57:46.726907
T-shirt 944,1578240.0,4.6,3,XL,Women,2026-05-17T15:57:46.727079
Hoodie 945,2107680.0,4.2,3,XXL,Unisex,2026-05-17T15:57:46.727206
Outerwear 947,7079680.0,4.6,3,M,Women,2026-05-17T15:57:46.727423
Jacket 948,4600480.0,3.9,3,L,Unisex,2026-05-17T15:57:46.727601
Crewneck 949,1844320.0,4.4,3,XL,Men,2026-05-17T15:57:46.727744
T-shirt 950,7691680.0,4.9,3,XXL,Women,2026-05-17T15:57:46.727892
Pants 952,7155040.0,3.7,3,M,Men,2026-05-17T15:57:46.728205
Outerwear 953,8423200.0,3.8,3,L,Women,2026-05-17T15:57:46.728341
Jacket 954,3878720.0,4.1,3,XL,Unisex,2026-05-17T15:57:46.728451
Crewneck 955,7006560.0,4.7,3,XXL,Men,2026-05-17T15:57:46.728611
T-shirt 956,4457600.0,3.1,3,S,Women,2026-05-17T15:57:46.728738
Hoodie 957,4024320.0,4.4,3,M,Unisex,2026-05-17T15:57:46.728871
Pants 958,3946240.0,4.8,3,L,Men,2026-05-17T15:57:46.729019
Outerwear 959,6828480.0,4.6,3,XL,Women,2026-05-17T15:57:46.729177
Jacket 960,5840160.0,4.5,3,XXL,Unisex,2026-05-17T15:57:46.729335
T-shirt 962,2887840.0,4.1,3,M,Women,2026-05-17T15:57:47.266473
Hoodie 963,7916160.0,4.6,3,L,Unisex,2026-05-17T15:57:47.266629
Pants 964,3885280.0,3.3,3,XL,Men,2026-05-17T15:57:47.266780
Outerwear 965,3107200.0,4.5,3,XXL,Women,2026-05-17T15:57:47.266908
Jacket 966,8499520.0,4.9,3,S,Unisex,2026-05-17T15:57:47.267051
Crewneck 967,1744000.0,3.5,3,M,Men,2026-05-17T15:57:47.267171
T-shirt 968,4045120.0,4.4,3,L,Women,2026-05-17T15:57:47.267307
Hoodie 969,4231840.0,3.8,3,XL,Unisex,2026-05-17T15:57:47.267444
Pants 970,952960.0,4.6,3,XXL,Men,2026-05-17T15:57:47.267616
Jacket 972,7272000.0,4.4,3,M,Unisex,2026-05-17T15:57:47.267908
Crewneck 973,7134400.0,3.9,3,L,Men,2026-05-17T15:57:47.268060
T-shirt 974,4769280.0,3.0,3,XL,Women,2026-05-17T15:57:47.268240
Hoodie 975,4816000.0,3.6,3,XXL,Unisex,2026-05-17T15:57:47.268383
Outerwear 977,3356000.0,3.6,3,M,Women,2026-05-17T15:57:47.268623
Jacket 978,3918240.0,3.6,3,L,Unisex,2026-05-17T15:57:47.268770
Crewneck 979,4848480.0,3.4,3,XL,Men,2026-05-17T15:57:47.268915
T-shirt 980,6544000.0,3.1,3,XXL,Women,2026-05-17T15:57:47.269066
Pants 982,7281760.0,4.9,3,M,Men,2026-05-17T15:57:47.786325
Outerwear 983,5762560.0,3.2,3,L,Women,2026-05-17T15:57:47.786479
Jacket 984,7349440.0,3.8,3,XL,Unisex,2026-05-17T15:57:47.786636
Crewneck 985,6236000.0,4.3,3,XXL,Men,2026-05-17T15:57:47.786779
T-shirt 986,6713760.0,4.5,3,S,Women,2026-05-17T15:57:47.786952
Hoodie 987,4008000.0,4.7,3,M,Unisex,2026-05-17T15:57:47.787091
Pants 988,2054240.0,3.5,3,L,Men,2026-05-17T15:57:47.787224
Outerwear 989,6869440.0,4.2,3,XL,Women,2026-05-17T15:57:47.787373
Jacket 990,3327360.0,4.2,3,XXL,Unisex,2026-05-17T15:57:47.787489
T-shirt 992,4840480.0,4.9,3,M,Women,2026-05-17T15:57:47.787786
Hoodie 993,6361920.0,3.4,3,L,Unisex,2026-05-17T15:57:47.787929
Pants 994,1693760.0,4.4,3,XL,Men,2026-05-17T15:57:47.788069
Outerwear 995,8046720.0,3.2,3,XXL,Women,2026-05-17T15:57:47.788211
Jacket 996,6942400.0,4.3,3,S,Unisex,2026-05-17T15:57:47.788338
Crewneck 997,5321280.0,3.9,3,M,Men,2026-05-17T15:57:47.788473
T-shirt 998,908000.0,4.2,3,L,Women,2026-05-17T15:57:47.788602
Hoodie 999,8534240.0,4.8,3,XL,Unisex,2026-05-17T15:57:47.788713
Pants 1000,2938240.0,4.7,3,XXL,Men,2026-05-17T15:57:47.788864
